Index;StdNo;Name;Surname;Avrage;Letter
8;210408044;MAHMUT ALPEREN;�AVUS;95;AA
10;210408908;ALI;DAGHIGHI;94;AA
13;210408916;RAGHAD;ABUSNAYMA;89;BA
9;210408902;BEHNAM;LAL MOGHADDAM;87;BA
14;210408919;MAYA;ALTELL;84;BB
1;210408003;MUHAMMED;SAVAS;82;BB
15;210408920;SALMA ;ABOUELMAGD;79;BB
2;210408007;ALI UGUR;GUMUSLU;76;BB
7;210408034;BERAT;OZKAN;71;CB
3;210408011;ZEYNEP;ESKI;64;CC
4;210408018;SEMA;SER�E;64;CC
5;210408021;ZEHRA;BECERMEN;64;CC
11;210408914;MOHAMED;HAMMAM;59;DC
6;210408033;ABDULKADIR EFE;BUGDAY;58;DC
12;210408915;ABDULRAHMAN;AL KADAH;57;DC
